<?xml version="1.0" encoding="UTF-8"?>
<project-private xmlns="http://www.netbeans.org/ns/project-private/1">
    <editor-bookmarks xmlns="http://www.netbeans.org/ns/editor-bookmarks/2" lastBookmarkId="0"/>
    <open-files xmlns="http://www.netbeans.org/ns/projectui-open-files/2">
        <group>
            <file>file:/C:/Users/lucci/Desktop/BlackJack/BlackJack/src/p/Lobby.java</file>
            <file>file:/C:/Users/lucci/Desktop/BlackJack/BlackJack/src/p/Ranking.java</file>
            <file>file:/C:/Users/lucci/Desktop/BlackJack/BlackJack/src/p/VistaPartida.java</file>
            <file>file:/C:/Users/lucci/Desktop/BlackJack/BlackJack/src/Modelo/IObservable.java</file>
            <file>file:/C:/Users/lucci/Desktop/BlackJack/BlackJack/src/Modelo/IJuego.java</file>
            <file>file:/C:/Users/lucci/Desktop/BlackJack/BlackJack/src/p/Intrucciones.java</file>
        </group>
    </open-files>
</project-private>
